fixed acidity,volatile acidity,citric acid,residual sugar,chlorides,free sulfur dioxide,total sulfur dioxide,density,pH,sulphates,alcohol,quality
10.4,0.33,0.63,2.8,0.084,5.0,22.0,0.9998,3.26,0.74,11.2,6
6.2,0.58,0.0,1.6,0.065,8.0,18.0,0.9966,3.56,0.84,9.4,5
9.0,0.4,0.41,2.0,0.057999999999999996,15.0,40.0,0.9941399999999999,3.22,0.6,12.2,6
8.9,0.75,0.14,2.5,0.086,9.0,30.0,0.99824,3.34,0.64,10.5,5
11.6,0.32,0.55,2.8,0.081,35.0,67.0,1.0002,3.32,0.92,10.8,6
8.5,0.28,0.56,1.8,0.092,35.0,103.0,0.9969,3.3,0.75,10.5,6
7.5,0.41,0.15,3.7,0.10400000000000001,29.0,94.0,0.9978600000000001,3.14,0.58,9.1,5
7.8,0.63,0.48,1.7,0.1,14.0,96.0,0.9961,3.19,0.62,9.5,5
7.7,0.835,0.0,2.6,0.081,6.0,14.0,0.9975,3.3,0.52,9.3,5
7.5,0.61,0.26,1.9,0.073,24.0,88.0,0.9961200000000001,3.3,0.53,9.8,5
10.6,0.36,0.59,2.2,0.152,6.0,18.0,0.9986,3.04,1.05,9.4,6
6.4,0.4,0.23,1.6,0.066,5.0,12.0,0.9958,3.34,0.56,9.2,5
7.0,0.36,0.21,2.4,0.086,24.0,69.0,0.99556,3.4,0.53,10.1,5
12.6,0.39,0.49,2.5,0.08,8.0,20.0,0.9992,3.07,0.82,10.3,6
7.1,0.6,0.0,1.8,0.07400000000000001,16.0,34.0,0.9972,3.47,0.7,9.9,5
7.1,0.68,0.0,2.3,0.087,17.0,26.0,0.9978299999999999,3.45,0.53,9.5,5
7.8,0.43,0.7,1.9,0.46399999999999997,22.0,67.0,0.9974,3.13,1.28,9.4,5
6.5,0.53,0.06,2.0,0.063,29.0,44.0,0.9948899999999999,3.38,0.83,10.3,6
7.5,0.52,0.11,1.5,0.079,11.0,39.0,0.9968,3.42,0.58,9.6,5
7.2,0.645,0.0,1.9,0.09699999999999999,15.0,39.0,0.99675,3.37,0.58,9.2,5
7.3,0.98,0.05,2.1,0.061,20.0,49.0,0.99705,3.31,0.55,9.7,5
11.9,0.39,0.69,2.8,0.095,17.0,35.0,0.9994,3.1,0.61,10.8,6
8.9,0.745,0.18,2.5,0.077,15.0,48.0,0.99739,3.2,0.47,9.7,5
10.2,0.41,0.43,2.2,0.11,11.0,37.0,0.9972799999999999,3.16,0.67,10.8,6
7.8,0.59,0.18,2.3,0.076,17.0,54.0,0.9975,3.43,0.59,10.0,5
7.1,0.68,0.07,1.9,0.075,16.0,51.0,0.99685,3.38,0.52,9.5,5
7.3,0.735,0.0,2.2,0.08,18.0,28.0,0.99765,3.41,0.6,9.4,5
8.8,0.47,0.49,2.9,0.085,17.0,110.0,0.9982,3.29,0.6,9.8,5
8.3,0.65,0.1,2.9,0.08900000000000001,17.0,40.0,0.99803,3.29,0.55,9.5,5
6.4,0.57,0.14,3.9,0.07,27.0,73.0,0.99669,3.32,0.48,9.2,5
10.8,0.4,0.41,2.2,0.084,7.0,17.0,0.9984,3.08,0.67,9.3,5
10.7,0.43,0.39,2.2,0.106,8.0,32.0,0.9986,2.89,0.5,9.6,5
7.6,0.39,0.31,2.3,0.08199999999999999,23.0,71.0,0.9982,3.52,0.65,9.7,5
14.0,0.41,0.63,3.8,0.08900000000000001,6.0,47.0,1.0014,3.01,0.81,10.8,6
7.2,0.66,0.03,2.3,0.078,16.0,86.0,0.9974299999999999,3.53,0.57,9.7,5
7.8,0.32,0.44,2.7,0.10400000000000001,8.0,17.0,0.9973200000000001,3.33,0.78,11.0,6
9.4,0.395,0.46,4.6,0.094,3.0,10.0,0.99639,3.27,0.64,12.2,6
9.8,0.51,0.19,3.2,0.081,8.0,30.0,0.9984,3.23,0.58,10.5,6
9.9,0.5,0.5,13.8,0.205,48.0,82.0,1.00242,3.16,0.75,8.8,5
9.9,0.59,0.07,3.4,0.102,32.0,71.0,1.00015,3.31,0.71,9.8,5
11.1,0.35,0.48,3.1,0.09,5.0,21.0,0.9986,3.17,0.53,10.5,6
9.2,0.67,0.1,3.0,0.091,12.0,48.0,0.9988799999999999,3.31,0.54,9.5,5
10.4,0.64,0.24,2.8,0.105,29.0,53.0,0.9998,3.24,0.67,9.9,5
12.4,0.4,0.51,2.0,0.059000000000000004,6.0,24.0,0.9994,3.04,0.6,9.3,5
9.2,0.46,0.23,2.6,0.091,18.0,77.0,0.9992200000000001,3.15,0.51,9.4,5
8.3,0.26,0.42,2.0,0.08,11.0,27.0,0.9974,3.21,0.8,9.4,6
8.3,0.78,0.1,2.6,0.081,45.0,87.0,0.9983,3.48,0.53,10.0,5
7.3,0.55,0.03,1.6,0.07200000000000001,17.0,42.0,0.9956,3.37,0.48,9.0,5
7.1,0.66,0.0,3.9,0.086,17.0,45.0,0.9976,3.46,0.54,9.5,5
10.0,0.32,0.59,2.2,0.077,3.0,15.0,0.9994,3.2,0.78,9.6,6
10.7,0.46,0.39,2.0,0.061,7.0,15.0,0.9981,3.18,0.62,9.5,5
11.6,0.41,0.54,1.5,0.095,22.0,41.0,0.99735,3.02,0.76,9.9,6
7.1,0.75,0.01,2.2,0.059000000000000004,11.0,18.0,0.9924200000000001,3.39,0.4,12.8,6
10.0,0.43,0.33,2.7,0.095,28.0,89.0,0.9984,3.22,0.68,10.0,5
7.3,0.585,0.18,2.4,0.078,15.0,60.0,0.9963799999999999,3.31,0.54,9.8,5
7.4,0.61,0.01,2.0,0.07400000000000001,13.0,38.0,0.9974799999999999,3.48,0.65,9.8,5
9.6,0.41,0.37,2.3,0.091,10.0,23.0,0.9978600000000001,3.24,0.56,10.5,6
7.6,0.49,0.33,1.9,0.07400000000000001,27.0,85.0,0.9970600000000001,3.41,0.58,9.0,5
8.0,0.18,0.37,0.9,0.049,36.0,109.0,0.9900700000000001,2.89,0.44,12.7,6
8.2,0.51,0.24,2.0,0.079,16.0,86.0,0.99764,3.34,0.64,9.5,5
7.1,0.68,0.0,2.2,0.073,12.0,22.0,0.9969,3.48,0.5,9.3,5
7.3,0.49,0.1,2.6,0.068,4.0,14.0,0.9956200000000001,3.3,0.47,10.5,6
9.4,0.34,0.37,2.2,0.075,5.0,13.0,0.998,3.22,0.62,9.2,5
11.3,0.62,0.67,5.2,0.086,6.0,19.0,0.9988,3.22,0.69,13.4,6
8.7,0.46,0.31,2.5,0.126,24.0,64.0,0.99746,3.1,0.74,9.6,5
9.0,0.785,0.24,1.7,0.078,10.0,21.0,0.99692,3.29,0.67,10.0,5
15.6,0.685,0.76,3.7,0.1,6.0,43.0,1.0032,2.95,0.68,11.2,6
5.9,0.46,0.0,1.9,0.077,25.0,44.0,0.99385,3.5,0.53,11.2,6
7.0,0.43,0.02,1.9,0.08,15.0,28.0,0.99492,3.35,0.81,10.6,6
8.6,0.38,0.36,3.0,0.081,30.0,119.0,0.997,3.2,0.56,9.4,5
9.6,0.54,0.42,2.4,0.081,25.0,52.0,0.997,3.2,0.71,11.4,6
12.6,0.41,0.54,2.8,0.10300000000000001,19.0,41.0,0.99939,3.21,0.76,11.3,6
7.2,0.53,0.13,2.0,0.057999999999999996,18.0,22.0,0.9957299999999999,3.21,0.68,9.9,6
7.2,0.57,0.05,2.3,0.081,16.0,36.0,0.99564,3.38,0.6,10.3,6
8.6,0.49,0.51,2.0,0.42200000000000004,16.0,62.0,0.9979,3.03,1.17,9.0,5
12.0,0.45,0.55,2.0,0.073,25.0,49.0,0.9997,3.1,0.76,10.3,6
8.6,0.37,0.65,6.4,0.08,3.0,8.0,0.9981700000000001,3.27,0.58,11.0,6
7.3,0.38,0.21,2.0,0.08,7.0,35.0,0.9961,3.33,0.47,9.5,5
6.5,0.58,0.0,2.2,0.096,3.0,13.0,0.9955700000000001,3.62,0.62,11.5,6
6.6,0.61,0.0,1.6,0.069,4.0,8.0,0.9939600000000001,3.33,0.37,10.4,5
9.5,0.59,0.44,2.3,0.071,21.0,68.0,0.9992,3.46,0.63,9.5,5
6.3,0.98,0.01,2.0,0.057,15.0,33.0,0.9948799999999999,3.6,0.46,11.2,5
7.2,0.36,0.46,2.1,0.07400000000000001,24.0,44.0,0.99534,3.4,0.85,11.0,6
7.7,0.39,0.12,1.7,0.09699999999999999,19.0,27.0,0.9959600000000001,3.16,0.49,9.4,5
7.4,0.66,0.0,1.8,0.075,13.0,40.0,0.9978,3.51,0.56,9.4,5
5.6,0.31,0.37,1.4,0.07400000000000001,12.0,96.0,0.9954,3.32,0.58,9.2,5
7.8,0.55,0.0,1.7,0.07,7.0,17.0,0.99659,3.26,0.64,9.4,5
8.1,1.33,0.0,1.8,0.08199999999999999,3.0,12.0,0.9964,3.54,0.48,10.9,5
11.3,0.37,0.41,2.3,0.08800000000000001,6.0,16.0,0.9988,3.09,0.8,9.3,6
6.8,0.61,0.04,1.5,0.057,5.0,10.0,0.99525,3.42,0.6,9.5,5
5.8,0.68,0.02,1.8,0.087,21.0,94.0,0.9944,3.54,0.52,10.0,5
7.0,0.69,0.0,1.9,0.114,3.0,10.0,0.99636,3.35,0.6,9.7,5
6.2,0.63,0.31,1.7,0.08800000000000001,15.0,64.0,0.9969,3.46,0.79,9.3,5
8.7,0.52,0.09,2.5,0.091,20.0,49.0,0.9976,3.34,0.86,10.6,6
7.7,0.75,0.27,3.8,0.11,34.0,89.0,0.99664,3.24,0.45,9.3,5
8.9,0.12,0.45,1.8,0.075,10.0,21.0,0.9955200000000001,3.41,0.76,11.9,6
8.2,0.28,0.4,2.4,0.052000000000000005,4.0,10.0,0.99356,3.33,0.7,12.8,6
10.0,0.73,0.43,2.3,0.059000000000000004,15.0,31.0,0.9966,3.15,0.57,11.0,6
7.3,0.35,0.24,2.0,0.067,28.0,48.0,0.9957600000000001,3.43,0.54,10.0,6
6.1,0.715,0.1,2.6,0.053,13.0,27.0,0.9936200000000001,3.57,0.5,11.9,6
9.9,0.57,0.25,2.0,0.10400000000000001,12.0,89.0,0.9963,3.04,0.9,10.1,5
7.8,0.735,0.08,2.4,0.092,10.0,41.0,0.9974,3.24,0.71,9.8,5
10.2,0.29,0.49,2.6,0.059000000000000004,5.0,13.0,0.9976,3.05,0.74,10.5,6
9.7,0.53,0.6,2.0,0.039,5.0,19.0,0.99585,3.3,0.86,12.4,6
7.4,0.67,0.12,1.6,0.18600000000000003,5.0,21.0,0.996,3.39,0.54,9.5,5
7.4,0.64,0.07,1.8,0.1,8.0,23.0,0.9961,3.3,0.58,9.6,5
7.5,0.31,0.41,2.4,0.065,34.0,60.0,0.99492,3.34,0.85,11.4,6
8.2,0.635,0.1,2.1,0.073,25.0,60.0,0.9963799999999999,3.29,0.75,10.9,6
10.7,0.43,0.39,2.2,0.106,8.0,32.0,0.9986,2.89,0.5,9.6,5
6.1,0.32,0.25,2.3,0.071,23.0,58.0,0.9963299999999999,3.42,0.97,10.6,6
9.5,0.59,0.44,2.3,0.071,21.0,68.0,0.9992,3.46,0.63,9.5,5
7.7,0.49,0.26,1.9,0.062,9.0,31.0,0.9966,3.39,0.64,9.6,5
6.2,0.36,0.24,2.2,0.095,19.0,42.0,0.9946,3.57,0.57,11.7,6
8.2,0.59,0.0,2.5,0.09300000000000001,19.0,58.0,1.0002,3.5,0.65,9.3,5
8.3,0.34,0.4,2.4,0.065,24.0,48.0,0.99554,3.34,0.86,11.0,6
7.8,0.5,0.17,1.6,0.08199999999999999,21.0,102.0,0.996,3.39,0.48,9.5,5
5.7,1.13,0.09,1.5,0.172,7.0,19.0,0.9940000000000001,3.5,0.48,9.8,5
8.0,0.64,0.22,2.4,0.094,5.0,33.0,0.9961200000000001,3.37,0.58,11.0,6
13.4,0.27,0.62,2.6,0.08199999999999999,6.0,21.0,1.0002,3.16,0.67,9.7,6
6.9,0.67,0.06,2.1,0.08,8.0,33.0,0.99845,3.68,0.71,9.6,5
7.9,0.34,0.36,1.9,0.065,5.0,10.0,0.99419,3.27,0.54,11.2,6
6.2,0.45,0.2,1.6,0.069,3.0,15.0,0.9958,3.41,0.56,9.2,5
7.5,0.63,0.27,2.0,0.083,17.0,91.0,0.99616,3.26,0.58,9.8,5
10.2,0.67,0.39,1.9,0.054000000000000006,6.0,17.0,0.9976,3.17,0.47,10.0,5
7.0,0.54,0.0,2.1,0.079,39.0,55.0,0.9956,3.39,0.84,11.4,6
7.0,0.54,0.09,2.0,0.081,10.0,16.0,0.99479,3.43,0.59,11.5,6
9.9,0.59,0.07,3.4,0.102,32.0,71.0,1.00015,3.31,0.71,9.8,5
6.8,0.56,0.22,1.8,0.07400000000000001,15.0,24.0,0.9943799999999999,3.4,0.82,11.2,6
7.1,0.59,0.01,2.5,0.077,20.0,85.0,0.99746,3.55,0.59,9.8,5
8.7,0.78,0.51,1.7,0.415,12.0,66.0,0.99623,3.0,1.17,9.2,5
9.3,0.715,0.24,2.1,0.07,5.0,20.0,0.9966,3.12,0.59,9.9,5
7.7,0.57,0.21,1.5,0.069,4.0,9.0,0.9945799999999999,3.16,0.54,9.8,5
7.7,0.6,0.0,2.6,0.055,7.0,13.0,0.99639,3.38,0.56,10.8,6
12.7,0.6,0.49,2.8,0.075,5.0,19.0,0.9994,3.14,0.57,11.4,6
9.5,0.885,0.27,2.3,0.084,31.0,145.0,0.9978,3.24,0.53,9.4,5
6.8,0.64,0.0,2.7,0.12300000000000001,15.0,33.0,0.9953799999999999,3.44,0.63,11.3,6
8.2,1.33,0.0,1.7,0.081,3.0,12.0,0.9964,3.53,0.49,10.9,5
8.3,0.54,0.28,1.9,0.077,11.0,40.0,0.9978,3.39,0.61,10.0,5
7.0,0.685,0.0,1.9,0.067,40.0,63.0,0.9979,3.6,0.81,9.9,5
8.2,0.885,0.2,1.4,0.086,7.0,31.0,0.9946,3.11,0.46,10.0,5
7.2,0.695,0.13,2.0,0.076,12.0,20.0,0.99546,3.29,0.54,10.1,5
5.6,0.31,0.78,13.9,0.07400000000000001,23.0,92.0,0.99677,3.39,0.48,10.5,6
7.7,0.43,0.25,2.6,0.073,29.0,63.0,0.99615,3.37,0.58,10.5,6
8.1,0.575,0.22,2.1,0.077,12.0,65.0,0.9967,3.29,0.51,9.2,5
10.4,0.24,0.46,1.8,0.075,6.0,21.0,0.9976,3.25,1.02,10.8,6
7.2,0.34,0.32,2.5,0.09,43.0,113.0,0.9966,3.32,0.79,11.1,6
6.7,0.56,0.09,2.9,0.079,7.0,22.0,0.99669,3.46,0.61,10.2,6
11.4,0.46,0.5,2.7,0.122,4.0,17.0,1.0006,3.13,0.7,10.2,6
8.5,0.32,0.42,2.3,0.075,12.0,19.0,0.99434,3.14,0.71,11.8,6
7.0,0.57,0.02,2.0,0.07200000000000001,17.0,26.0,0.99575,3.36,0.61,10.2,6
10.3,0.44,0.5,4.5,0.107,5.0,13.0,0.998,3.28,0.83,11.5,6
7.9,0.6,0.06,1.6,0.069,15.0,59.0,0.9964,3.3,0.46,9.4,5
10.4,0.33,0.63,2.8,0.084,5.0,22.0,0.9998,3.26,0.74,11.2,6
6.7,0.58,0.08,1.8,0.09699999999999999,15.0,65.0,0.9959,3.28,0.54,9.2,5
6.8,0.56,0.22,1.8,0.07400000000000001,15.0,24.0,0.9943799999999999,3.4,0.82,11.2,6
9.2,0.58,0.2,3.0,0.081,15.0,115.0,0.998,3.23,0.59,9.5,5
9.3,0.4,0.49,2.5,0.085,38.0,142.0,0.9978,3.22,0.55,9.4,5
8.1,0.87,0.0,2.2,0.084,10.0,31.0,0.99656,3.25,0.5,9.8,5
7.5,0.4,0.18,1.6,0.079,24.0,58.0,0.9965,3.34,0.58,9.4,5
5.6,0.915,0.0,2.1,0.040999999999999995,17.0,78.0,0.99346,3.68,0.73,11.4,5
7.4,0.6,0.26,7.3,0.07,36.0,121.0,0.9982,3.37,0.49,9.4,5
9.1,0.76,0.68,1.7,0.414,18.0,64.0,0.9965200000000001,2.9,1.33,9.1,5
6.9,0.765,0.18,2.4,0.243,5.5,48.0,0.9961200000000001,3.4,0.6,10.3,5
9.3,0.655,0.26,2.0,0.096,5.0,35.0,0.9973799999999999,3.25,0.42,9.6,5
12.8,0.615,0.66,5.8,0.083,7.0,42.0,1.0022,3.07,0.73,10.0,6
6.7,0.67,0.02,1.9,0.061,26.0,42.0,0.9948899999999999,3.39,0.82,10.9,6
7.9,0.3,0.68,8.3,0.05,37.5,278.0,0.99316,3.01,0.51,12.3,5
9.0,0.38,0.41,2.4,0.10300000000000001,6.0,10.0,0.9960399999999999,3.13,0.58,11.9,6
7.8,0.48,0.68,1.7,0.415,14.0,32.0,0.99656,3.09,1.06,9.1,5
6.8,0.49,0.22,2.3,0.071,13.0,24.0,0.9943799999999999,3.41,0.83,11.3,6
7.9,0.32,0.51,1.8,0.341,17.0,56.0,0.9969,3.04,1.08,9.2,5
8.8,0.61,0.19,4.0,0.094,30.0,69.0,0.99787,3.22,0.5,10.0,5
7.8,0.53,0.01,1.6,0.077,3.0,19.0,0.995,3.16,0.46,9.8,5
7.1,0.685,0.35,2.0,0.08800000000000001,9.0,92.0,0.9963,3.28,0.62,9.4,5
6.8,0.67,0.0,1.9,0.08,22.0,39.0,0.9970100000000001,3.4,0.74,9.7,5
7.6,0.51,0.24,2.4,0.091,8.0,38.0,0.998,3.47,0.66,9.6,5
8.5,0.49,0.11,2.3,0.084,9.0,67.0,0.9968,3.17,0.53,9.4,5
7.7,0.69,0.05,2.7,0.075,15.0,27.0,0.9974,3.26,0.61,9.1,5
8.3,0.58,0.13,2.9,0.096,14.0,63.0,0.9984,3.17,0.62,9.1,5
8.8,0.27,0.39,2.0,0.1,20.0,27.0,0.99546,3.15,0.69,11.2,6
6.6,0.725,0.2,7.8,0.073,29.0,79.0,0.9977,3.29,0.54,9.2,5
11.9,0.43,0.66,3.1,0.109,10.0,23.0,1.0,3.15,0.85,10.4,6
7.3,0.74,0.08,1.7,0.094,10.0,45.0,0.9957600000000001,3.24,0.5,9.8,5
8.9,0.31,0.57,2.0,0.111,26.0,85.0,0.9971,3.26,0.53,9.7,5
6.2,0.46,0.29,2.1,0.07400000000000001,32.0,98.0,0.9957799999999999,3.33,0.62,9.8,5
7.0,0.6,0.3,4.5,0.068,20.0,110.0,0.9991399999999999,3.3,1.17,10.2,5
10.5,0.51,0.64,2.4,0.107,6.0,15.0,0.9973,3.09,0.66,11.8,6
7.7,0.66,0.04,1.6,0.039,4.0,9.0,0.9962,3.4,0.47,9.4,5
7.8,0.59,0.33,2.0,0.07400000000000001,24.0,120.0,0.9968,3.25,0.54,9.4,5
9.1,0.3,0.41,2.0,0.068,10.0,24.0,0.99523,3.27,0.85,11.7,6
7.3,0.66,0.0,2.0,0.084,6.0,23.0,0.9983,3.61,0.96,9.9,6
6.9,0.41,0.31,2.0,0.079,21.0,51.0,0.9966799999999999,3.47,0.55,9.5,5
6.8,0.59,0.06,6.0,0.06,11.0,18.0,0.9962,3.41,0.59,10.8,6
6.9,0.56,0.03,1.5,0.086,36.0,46.0,0.9952200000000001,3.53,0.57,10.6,6
8.7,0.7,0.24,2.5,0.226,5.0,15.0,0.9991,3.32,0.6,9.0,5
9.3,0.38,0.48,3.8,0.132,3.0,11.0,0.99577,3.23,0.57,13.2,6
6.3,0.6,0.1,1.6,0.048,12.0,26.0,0.99306,3.55,0.51,12.1,6
8.1,0.545,0.18,1.9,0.08,13.0,35.0,0.9972,3.3,0.59,9.0,5
11.9,0.57,0.5,2.6,0.08199999999999999,6.0,32.0,1.0006,3.12,0.78,10.7,6
9.1,0.785,0.0,2.6,0.09300000000000001,11.0,28.0,0.9994,3.36,0.86,9.4,5
6.2,0.64,0.09,2.5,0.081,15.0,26.0,0.9953799999999999,3.57,0.63,12.0,6
10.4,0.44,0.73,6.55,0.07400000000000001,38.0,76.0,0.9990000000000001,3.17,0.85,12.0,6
8.7,0.41,0.41,6.2,0.078,25.0,42.0,0.9953,3.24,0.77,12.6,6
7.1,0.34,0.28,2.0,0.08199999999999999,31.0,68.0,0.9969399999999999,3.45,0.48,9.4,5
15.0,0.21,0.44,2.2,0.075,10.0,24.0,1.00005,3.07,0.84,9.2,6
7.6,0.41,0.14,3.0,0.087,21.0,43.0,0.9964,3.32,0.57,10.5,6
7.8,0.87,0.26,3.8,0.107,31.0,67.0,0.9966799999999999,3.26,0.46,9.2,5
9.0,0.46,0.31,2.8,0.09300000000000001,19.0,98.0,0.99815,3.32,0.63,9.5,5
6.6,0.7,0.08,2.6,0.106,14.0,27.0,0.99665,3.44,0.58,10.2,5
6.4,0.67,0.08,2.1,0.045,19.0,48.0,0.9949,3.49,0.49,11.4,6
6.9,0.52,0.25,2.6,0.081,10.0,37.0,0.99685,3.46,0.5,11.0,6
6.9,0.63,0.01,2.4,0.076,14.0,39.0,0.9952200000000001,3.34,0.53,10.8,6
8.2,0.23,0.42,1.9,0.069,9.0,17.0,0.9937600000000001,3.21,0.54,12.3,6
10.4,0.28,0.54,2.7,0.105,5.0,19.0,0.9988,3.25,0.63,9.5,6
9.4,0.3,0.56,2.8,0.08,6.0,17.0,0.9964,3.15,0.92,11.7,6
7.0,0.745,0.12,1.8,0.114,15.0,64.0,0.9958799999999999,3.22,0.59,9.5,5
8.5,0.34,0.44,1.7,0.079,6.0,12.0,0.99605,3.52,0.63,10.7,6
11.3,0.36,0.66,2.4,0.12300000000000001,3.0,8.0,0.9964200000000001,3.2,0.53,11.9,6
8.7,0.69,0.31,3.0,0.086,23.0,81.0,1.0002,3.48,0.74,11.6,6
7.1,0.84,0.02,4.4,0.096,5.0,13.0,0.997,3.41,0.57,11.0,6
6.7,0.32,0.44,2.4,0.061,24.0,34.0,0.99484,3.29,0.8,11.6,6
10.8,0.29,0.42,1.6,0.084,19.0,27.0,0.99545,3.28,0.73,11.9,6
6.9,0.5,0.04,1.5,0.085,19.0,49.0,0.9958,3.35,0.78,9.5,5
10.0,0.32,0.59,2.2,0.077,3.0,15.0,0.9994,3.2,0.78,9.6,6
7.0,0.49,0.49,5.6,0.06,26.0,121.0,0.9974,3.34,0.76,10.5,5
7.9,0.69,0.21,2.1,0.08,33.0,141.0,0.9962,3.25,0.51,9.9,5
8.8,0.61,0.14,2.4,0.067,10.0,42.0,0.9969,3.19,0.59,9.5,5
9.0,0.82,0.14,2.6,0.08900000000000001,9.0,23.0,0.9984,3.39,0.63,9.8,5
10.3,0.53,0.48,2.5,0.063,6.0,25.0,0.9998,3.12,0.59,9.3,5
7.1,0.39,0.12,2.1,0.065,14.0,24.0,0.9925200000000001,3.3,0.53,13.3,6
7.7,0.715,0.01,2.1,0.064,31.0,43.0,0.99371,3.41,0.57,11.8,6
8.2,0.28,0.6,3.0,0.10400000000000001,10.0,22.0,0.99828,3.39,0.68,10.6,6
6.6,0.725,0.09,5.5,0.11699999999999999,9.0,17.0,0.99655,3.35,0.49,10.8,6
7.7,0.56,0.2,2.0,0.075,9.0,39.0,0.9987,3.48,0.62,9.3,5
7.8,0.56,0.19,2.0,0.081,17.0,108.0,0.9962,3.32,0.54,9.5,5
6.9,0.57,0.0,2.8,0.081,21.0,41.0,0.99518,3.41,0.52,10.8,6
9.3,0.5,0.36,1.8,0.084,6.0,17.0,0.9970399999999999,3.27,0.77,10.8,6
8.2,0.28,0.6,3.0,0.10400000000000001,10.0,22.0,0.99828,3.39,0.68,10.6,6
9.8,0.45,0.38,2.5,0.081,34.0,66.0,0.99726,3.15,0.58,9.8,5
7.4,0.6,0.26,2.1,0.083,17.0,91.0,0.99616,3.29,0.56,9.8,5
6.4,0.79,0.04,2.2,0.061,11.0,17.0,0.9958799999999999,3.53,0.65,10.4,5
7.2,0.6,0.04,2.5,0.076,18.0,88.0,0.99745,3.53,0.55,9.5,5
7.1,0.46,0.2,1.9,0.077,28.0,54.0,0.9956,3.37,0.64,10.4,6
7.8,0.52,0.25,1.9,0.081,14.0,38.0,0.9984,3.43,0.65,9.0,5
10.0,0.35,0.45,2.5,0.092,20.0,88.0,0.99918,3.15,0.43,9.4,5
8.8,0.61,0.14,2.4,0.067,10.0,42.0,0.9969,3.19,0.59,9.5,5
6.5,0.34,0.27,2.8,0.067,8.0,44.0,0.99384,3.21,0.56,12.0,6
8.2,0.44,0.24,2.3,0.063,10.0,28.0,0.99613,3.25,0.53,10.2,6
7.5,0.55,0.24,2.0,0.078,10.0,28.0,0.9983,3.45,0.78,9.5,5
10.6,0.28,0.39,15.5,0.069,6.0,23.0,1.0026,3.12,0.66,9.2,6
9.3,0.49,0.36,1.7,0.081,3.0,14.0,0.99702,3.27,0.78,10.9,6
6.2,0.56,0.09,1.7,0.053,24.0,32.0,0.9940200000000001,3.54,0.6,11.3,6
7.1,0.875,0.05,5.7,0.08199999999999999,3.0,14.0,0.99808,3.4,0.52,10.2,5
8.3,0.42,0.38,2.5,0.094,24.0,60.0,0.9979,3.31,0.7,10.8,6
6.2,0.51,0.14,1.9,0.055999999999999994,15.0,34.0,0.9939600000000001,3.48,0.57,11.5,6
10.4,0.44,0.42,1.5,0.145,34.0,48.0,0.9983200000000001,3.38,0.86,9.9,6
6.4,0.37,0.25,1.9,0.07400000000000001,21.0,49.0,0.9974,3.57,0.62,9.8,5
7.5,0.77,0.2,8.1,0.098,30.0,92.0,0.99892,3.2,0.58,9.2,5
10.6,1.025,0.43,2.8,0.08,21.0,84.0,0.9985,3.06,0.57,10.1,5
11.6,0.475,0.4,1.4,0.091,6.0,28.0,0.9970399999999999,3.07,0.65,10.0333333333333,6
8.4,1.035,0.15,6.0,0.073,11.0,54.0,0.9990000000000001,3.37,0.49,9.9,5
8.3,0.655,0.12,2.3,0.083,15.0,113.0,0.9966,3.17,0.66,9.8,5
8.8,0.3,0.38,2.3,0.06,19.0,72.0,0.9954299999999999,3.39,0.72,11.8,6
6.7,0.855,0.02,1.9,0.064,29.0,38.0,0.99472,3.3,0.56,10.75,5
8.4,0.56,0.08,2.1,0.105,16.0,44.0,0.9958,3.13,0.52,11.0,6
5.3,0.715,0.19,1.5,0.161,7.0,62.0,0.99395,3.62,0.61,11.0,5
7.1,0.735,0.16,1.9,0.1,15.0,77.0,0.9966,3.27,0.64,9.3,5
9.9,0.35,0.41,2.3,0.083,11.0,61.0,0.9982,3.21,0.5,9.5,5
7.3,0.58,0.3,2.4,0.07400000000000001,15.0,55.0,0.9968,3.46,0.59,10.2,5
12.5,0.56,0.49,2.4,0.064,5.0,27.0,0.9999,3.08,0.87,10.9,6
7.9,0.52,0.26,1.9,0.079,42.0,140.0,0.9964,3.23,0.54,9.5,5
11.1,0.44,0.42,2.2,0.064,14.0,19.0,0.9975799999999999,3.25,0.57,10.4,6
8.3,0.53,0.0,1.4,0.07,6.0,14.0,0.99593,3.25,0.64,10.0,6
7.2,0.53,0.14,2.1,0.064,15.0,29.0,0.99323,3.35,0.61,12.1,6
10.3,0.32,0.45,6.4,0.073,5.0,13.0,0.9976,3.23,0.82,12.6,6
7.5,0.5,0.36,6.1,0.071,17.0,102.0,0.9978,3.35,0.8,10.5,6
8.9,0.24,0.39,1.6,0.07400000000000001,3.0,10.0,0.99698,3.12,0.59,9.5,6
6.3,0.39,0.16,1.4,0.08,11.0,23.0,0.9955,3.34,0.56,9.3,5
8.0,0.705,0.05,1.9,0.07400000000000001,8.0,19.0,0.9962,3.34,0.95,10.5,6
7.8,0.82,0.29,4.3,0.083,21.0,64.0,0.9964200000000001,3.16,0.53,9.4,5
8.1,0.33,0.44,1.5,0.042,6.0,12.0,0.9954200000000001,3.35,0.61,10.7,6
10.1,0.935,0.22,3.4,0.105,11.0,86.0,1.001,3.43,0.64,11.3,5
7.4,0.5,0.47,2.0,0.086,21.0,73.0,0.997,3.36,0.57,9.1,5
7.3,0.365,0.49,2.5,0.08800000000000001,39.0,106.0,0.9966,3.36,0.78,11.0,6
7.2,0.655,0.03,1.8,0.078,7.0,12.0,0.99587,3.34,0.39,9.5,5
7.8,0.53,0.33,2.4,0.08,24.0,144.0,0.99655,3.3,0.6,9.5,5
7.4,0.49,0.27,2.1,0.071,14.0,25.0,0.9938799999999999,3.35,0.63,12.0,6
8.0,0.6,0.22,2.1,0.08,25.0,105.0,0.99613,3.3,0.49,9.9,5
7.8,0.43,0.32,2.8,0.08,29.0,58.0,0.9974,3.31,0.64,10.3,6
7.0,0.685,0.0,1.9,0.099,9.0,22.0,0.9960600000000001,3.34,0.6,9.7,5
7.9,0.18,0.4,2.2,0.049,38.0,67.0,0.996,3.33,0.93,11.3,6
7.3,0.45,0.36,5.9,0.07400000000000001,12.0,87.0,0.9978,3.33,0.83,10.5,6
12.8,0.84,0.63,2.4,0.08800000000000001,13.0,35.0,0.9997,3.1,0.6,10.4,5
7.4,0.41,0.24,1.8,0.066,18.0,47.0,0.9956,3.37,0.62,10.4,6
7.2,0.63,0.0,1.9,0.09699999999999999,14.0,38.0,0.99675,3.37,0.58,9.0,5
6.8,0.51,0.01,2.1,0.07400000000000001,9.0,25.0,0.9958,3.33,0.56,9.5,5
9.2,0.53,0.24,2.6,0.078,28.0,139.0,0.9978799999999999,3.21,0.57,9.5,5
7.5,0.4,0.12,3.0,0.092,29.0,53.0,0.9967,3.37,0.7,10.3,6
10.2,0.4,0.4,2.5,0.068,41.0,54.0,0.99754,3.38,0.86,10.5,6
6.8,0.91,0.06,2.0,0.06,4.0,11.0,0.99592,3.53,0.64,10.9,5
8.3,0.26,0.42,2.0,0.08,11.0,27.0,0.9974,3.21,0.8,9.4,6
7.8,0.645,0.0,5.5,0.086,5.0,18.0,0.9986,3.4,0.55,9.6,5
8.6,0.49,0.28,1.9,0.11,20.0,136.0,0.9972,2.93,1.95,9.9,6
8.4,0.665,0.61,2.0,0.11199999999999999,13.0,95.0,0.997,3.16,0.54,9.1,5
6.8,0.59,0.1,1.7,0.063,34.0,53.0,0.9958,3.41,0.67,9.7,5
8.9,0.29,0.35,1.9,0.067,25.0,57.0,0.997,3.18,1.36,10.3,6
8.4,0.25,0.39,2.0,0.040999999999999995,4.0,10.0,0.9938600000000001,3.27,0.71,12.5,6
9.8,0.39,0.43,1.65,0.068,5.0,11.0,0.9947799999999999,3.19,0.46,11.4,6
6.6,0.5,0.04,2.1,0.068,6.0,14.0,0.9955,3.39,0.64,9.4,5
8.9,0.5,0.21,2.2,0.08800000000000001,21.0,39.0,0.99692,3.33,0.83,11.1,6
8.5,0.28,0.35,1.7,0.061,6.0,15.0,0.99524,3.3,0.74,11.8,6
7.7,0.54,0.26,1.9,0.08900000000000001,23.0,147.0,0.99636,3.26,0.59,9.7,5
7.2,0.36,0.46,2.1,0.07400000000000001,24.0,44.0,0.99534,3.4,0.85,11.0,6
9.3,0.43,0.44,1.9,0.085,9.0,22.0,0.99708,3.28,0.55,9.5,5
7.5,0.51,0.02,1.7,0.084,13.0,31.0,0.9953799999999999,3.36,0.54,10.5,6
7.6,0.95,0.03,2.0,0.09,7.0,20.0,0.9959,3.2,0.56,9.6,5
11.9,0.38,0.49,2.7,0.098,12.0,42.0,1.0004,3.16,0.61,10.3,6
6.9,0.84,0.21,4.1,0.07400000000000001,16.0,65.0,0.9984200000000001,3.53,0.72,9.25,5
6.6,0.695,0.0,2.1,0.075,12.0,56.0,0.9968,3.49,0.67,9.2,5
7.0,0.65,0.02,2.1,0.066,8.0,25.0,0.9972,3.47,0.67,9.5,5
10.0,0.41,0.45,6.2,0.071,6.0,14.0,0.99702,3.21,0.49,11.8,6
10.4,0.43,0.5,2.3,0.068,13.0,19.0,0.996,3.1,0.87,11.4,6
8.3,0.6,0.13,2.6,0.085,6.0,24.0,0.9984,3.31,0.59,9.2,5
8.1,0.29,0.36,2.2,0.048,35.0,53.0,0.995,3.27,1.01,12.4,6
8.6,0.83,0.0,2.8,0.095,17.0,43.0,0.9982200000000001,3.33,0.6,10.4,5
6.8,0.63,0.07,2.1,0.08900000000000001,11.0,44.0,0.9953,3.47,0.55,10.4,5
10.4,0.26,0.48,1.9,0.066,6.0,10.0,0.99724,3.33,0.87,10.9,6
8.7,0.48,0.3,2.8,0.066,10.0,28.0,0.9964,3.33,0.67,11.2,6
13.8,0.49,0.67,3.0,0.09300000000000001,6.0,15.0,0.9986,3.02,0.93,12.0,6
8.2,0.34,0.38,2.5,0.08,12.0,57.0,0.9978,3.3,0.47,9.0,5
8.8,0.59,0.18,2.9,0.08900000000000001,12.0,74.0,0.9973799999999999,3.14,0.54,9.4,5
7.5,0.6,0.03,1.8,0.095,25.0,99.0,0.995,3.35,0.54,10.1,5
8.9,0.5,0.21,2.2,0.08800000000000001,21.0,39.0,0.99692,3.33,0.83,11.1,6
6.8,0.69,0.0,5.6,0.124,21.0,58.0,0.9997,3.46,0.72,10.2,5
7.4,0.49,0.19,3.0,0.077,16.0,37.0,0.9966,3.37,0.51,10.5,6
7.3,0.65,0.0,1.2,0.065,15.0,21.0,0.9946,3.39,0.47,10.0,5
8.2,0.35,0.33,2.4,0.076,11.0,47.0,0.9959899999999999,3.27,0.81,11.0,6
10.7,0.35,0.53,2.6,0.07,5.0,16.0,0.9972,3.15,0.65,11.0,6
11.1,0.39,0.54,2.7,0.095,21.0,101.0,1.0001,3.13,0.51,9.5,5
5.4,0.74,0.09,1.7,0.08900000000000001,16.0,26.0,0.9940200000000001,3.67,0.56,11.6,6
11.2,0.5,0.74,5.15,0.1,5.0,17.0,0.9996,3.22,0.62,11.2,6
9.0,0.82,0.05,2.4,0.081,26.0,96.0,0.9981399999999999,3.36,0.53,10.0,5
7.7,0.49,0.26,1.9,0.062,9.0,31.0,0.9966,3.39,0.64,9.6,5
7.4,0.49,0.27,2.1,0.071,14.0,25.0,0.9938799999999999,3.35,0.63,12.0,6
7.6,0.36,0.31,1.7,0.079,26.0,65.0,0.99716,3.46,0.62,9.5,5
8.4,0.39,0.1,1.7,0.075,6.0,25.0,0.9958100000000001,3.09,0.43,9.7,5
7.1,0.63,0.06,2.0,0.083,8.0,29.0,0.99855,3.67,0.73,9.6,5
11.2,0.66,0.24,2.5,0.085,16.0,53.0,0.9993,3.06,0.72,11.0,6
6.9,0.63,0.02,1.9,0.078,18.0,30.0,0.9971200000000001,3.4,0.75,9.8,5
5.9,0.44,0.0,1.6,0.042,3.0,11.0,0.9944,3.48,0.85,11.7,6
6.8,0.61,0.2,1.8,0.077,11.0,65.0,0.9971,3.54,0.58,9.3,5
9.5,0.57,0.27,2.3,0.08199999999999999,23.0,144.0,0.99782,3.27,0.55,9.4,5
5.2,0.49,0.26,2.3,0.09,23.0,74.0,0.9953,3.71,0.62,12.2,6
5.8,1.01,0.66,2.0,0.039,15.0,88.0,0.9935700000000001,3.66,0.6,11.5,5
9.8,0.34,0.39,1.4,0.066,3.0,7.0,0.9947,3.19,0.55,11.4,6
11.5,0.18,0.51,4.0,0.10400000000000001,4.0,23.0,0.9996,3.28,0.97,10.1,6
7.1,0.59,0.02,2.3,0.08199999999999999,24.0,94.0,0.99744,3.55,0.53,9.7,5
10.8,0.47,0.43,2.1,0.171,27.0,66.0,0.9982,3.17,0.76,10.8,6
11.4,0.36,0.69,2.1,0.09,6.0,21.0,1.0,3.17,0.62,9.2,5
7.5,0.61,0.2,1.7,0.076,36.0,60.0,0.9949399999999999,3.1,0.4,9.3,5
6.8,0.41,0.31,8.8,0.084,26.0,45.0,0.99824,3.38,0.64,10.1,6
9.6,0.56,0.23,3.4,0.102,37.0,92.0,0.9996,3.3,0.65,10.1,5
8.8,0.66,0.26,1.7,0.07400000000000001,4.0,23.0,0.9971,3.15,0.74,9.2,5
7.0,0.975,0.04,2.0,0.087,12.0,67.0,0.99565,3.35,0.6,9.4,5
7.2,1.0,0.0,3.0,0.102,7.0,16.0,0.9958600000000001,3.43,0.46,10.0,5
7.6,0.41,0.49,2.0,0.08800000000000001,16.0,43.0,0.998,3.48,0.64,9.1,5
8.9,0.61,0.49,2.0,0.27,23.0,110.0,0.9972,3.12,1.02,9.3,5
8.9,0.31,0.36,2.6,0.055999999999999994,10.0,39.0,0.9956200000000001,3.4,0.69,11.8,6
7.2,0.695,0.13,2.0,0.076,12.0,20.0,0.99546,3.29,0.54,10.1,5
9.0,0.66,0.17,3.0,0.077,5.0,13.0,0.9976,3.29,0.55,10.4,6
6.7,0.64,0.23,2.1,0.08,11.0,119.0,0.9953799999999999,3.36,0.7,10.9,5
12.7,0.59,0.45,2.3,0.08199999999999999,11.0,22.0,1.0,3.0,0.7,9.3,5
7.8,0.91,0.07,1.9,0.057999999999999996,22.0,47.0,0.99525,3.51,0.43,10.7,5
6.5,0.46,0.14,2.4,0.114,9.0,37.0,0.9973200000000001,3.66,0.65,9.8,5
7.9,0.31,0.32,1.9,0.066,14.0,36.0,0.99364,3.41,0.56,12.6,6
7.8,0.54,0.26,2.0,0.08800000000000001,23.0,48.0,0.9981,3.41,0.74,9.2,5
10.2,0.44,0.42,2.0,0.071,7.0,20.0,0.99566,3.14,0.79,11.1,6
8.6,0.47,0.47,2.4,0.07400000000000001,7.0,29.0,0.9979,3.08,0.46,9.5,5
6.6,0.855,0.02,2.4,0.062,15.0,23.0,0.9962700000000001,3.54,0.6,11.0,6
8.1,0.575,0.22,2.1,0.077,12.0,65.0,0.9967,3.29,0.51,9.2,5
8.2,0.33,0.32,2.8,0.067,4.0,12.0,0.9947299999999999,3.3,0.76,12.8,6
7.9,0.33,0.23,1.7,0.077,18.0,45.0,0.99625,3.29,0.65,9.3,5
7.2,0.36,0.46,2.1,0.07400000000000001,24.0,44.0,0.99534,3.4,0.85,11.0,6
9.3,0.61,0.26,3.4,0.09,25.0,87.0,0.99975,3.24,0.62,9.7,5
6.4,0.36,0.53,2.2,0.23,19.0,35.0,0.9934,3.37,0.93,12.4,6
9.9,0.54,0.45,2.3,0.071,16.0,40.0,0.9991,3.39,0.62,9.4,5
7.9,0.545,0.06,4.0,0.087,27.0,61.0,0.9965,3.36,0.67,10.7,6
6.6,0.56,0.14,2.4,0.064,13.0,29.0,0.99397,3.42,0.62,11.7,6
7.0,0.38,0.49,2.5,0.09699999999999999,33.0,85.0,0.9962,3.39,0.77,11.4,6
6.3,0.76,0.0,2.9,0.07200000000000001,26.0,52.0,0.99379,3.51,0.6,11.5,6
6.9,0.58,0.01,1.9,0.08,40.0,54.0,0.9968299999999999,3.4,0.73,9.7,5
7.4,0.68,0.16,1.8,0.078,12.0,39.0,0.9977,3.5,0.7,9.9,5
8.5,0.44,0.5,1.9,0.369,15.0,38.0,0.99634,3.01,1.1,9.4,5
7.5,0.61,0.26,1.9,0.073,24.0,88.0,0.9961200000000001,3.3,0.53,9.8,5
7.8,0.6,0.26,2.0,0.08,31.0,131.0,0.9962200000000001,3.21,0.52,9.9,5
10.6,0.83,0.37,2.6,0.086,26.0,70.0,0.9981,3.16,0.52,9.9,5
5.0,1.02,0.04,1.4,0.045,41.0,85.0,0.9938,3.75,0.48,10.5,5
8.5,0.37,0.2,2.8,0.09,18.0,58.0,0.998,3.34,0.7,9.6,5
7.0,0.69,0.07,2.5,0.091,15.0,21.0,0.99572,3.38,0.6,11.3,6
7.1,0.59,0.02,2.3,0.08199999999999999,24.0,94.0,0.99744,3.55,0.53,9.7,5
